domain,date,average_traffic
decoratoradvice.com,2024-12-01T00:00:00Z,50000
decoratoradvice.com,2025-01-01T00:00:00Z,51000
decoratoradvice.com,2025-02-01T00:00:00Z,52000
decoratoradvice.com,2025-03-01T00:00:00Z,53000
decoratoradvice.com,2025-04-01T00:00:00Z,54000
decoratoradvice.com,2025-05-01T00:00:00Z,55000
decoratoradvice.com,2025-06-01T00:00:00Z,56000
decoratoradvice.com,2025-07-01T00:00:00Z,57000
decoratoradvice.com,2025-08-01T00:00:00Z,58000
decoratoradvice.com,2025-09-01T00:00:00Z,59000
decoratoradvice.com,2025-10-01T00:00:00Z,60000
decoratoradvice.com,2025-11-01T00:00:00Z,61000
decoratoradvice.com,2025-12-01T00:00:00Z,62000
decoratoradvice.com,2026-01-01T00:00:00Z,63000
