Website,Niche,Agent
theboringmagazine.com,"News, Entertainment, Tech",Anthony
conversationswithbianca.com,"Mom Blog, Parenting, General",Anthony
sweetdiscord.com,"Gaming, Tech, Business",Anthony
arcadeforceplay.com,Gaming,Anthony
beargryllsgear.org,"Outdoors, Health, Equipment",Anthony
bodyholistic.net,"Holistic Wellness, Fitness",Anthony
bookvibe.com,Books,Anthony
c-clip.com,"Space Technology,Fintech,How To",Anthony
cindymovies.net,"Film/TV, Music, Celebrities",Anthony
clapdat.net,"Apps, Cybersecurity",Anthony
creativecalvert.com,"Art, Photography",Anthony
crocktees.com,"Haute Couture,Streetwear,Casual Wear",Anthony
crypto-coinstrade.com,"Crypto, Bitcoin, Blockchain",Anthony
customunitsbymakeupd0ll.com,"Fitness, Self-Care",Anthony
daillytrust.com,"Finance, Gadget Reviews, Smart Home Tech",Anthony
denkgallery.com,"Painting, Sculpture, Drawing",Anthony
desimasahub.com,"Home & Garden, Health & Wellness, Beauty",Anthony
discoveringjoypreschool.com,"Arts Education,Educational Policy,Learning Disabilities",Anthony
divorceshift.com,"Dating,Marriage,Friendships",Anthony
domain-alpha.com,"VR Innovations, Digital Trends, Game Development",Anthony
edenfeathers.com,"Eco Fashion, Sustainable Products, Organic Living",Anthony
eselmomentocv.com,"Tech, Software & Web Development",Anthony
famousparenting.com,"Family, Parenting, General",Anthony
fmovied.net,Films,Anthony
gamingleaguepros.com,eSports,Anthony
indianmatkamobi.com,"Lifestyle, Fashion, Mental Health",Anthony
logicalshout.com,Tech,Anthony
longevityomics.com,"Surgery,Dentistry,Pediatrics",Anthony
majinoukari.com,"Anime, Cosplay, Manga",Anthony
mangademonorg.net,"Manga, Anime, Comics",Anthony
meyvnn.com,Real Estate,Anthony
mobilehomeexteriors.com,Home,Anthony
mountainfreedomcoins.com,Finance,Anthony
muscletrek.com,"Workout,Wellness,Self-Care",Anthony
musickallydown.com,Music Tech/Education/Therapy,Anthony
neuronpostshop.com,"Tech, Gaming",Anthony
neutonic.net,Education,Anthony
nldburma.org,"Governance,International Relations,Political Campaigns",Anthony
novatechbeacon.com,Technology,Anthony
nytletterboxed.net,Writing,Anthony
observerclarity.com,Self-Improvement,Anthony
pgslotwallet100.net,Finance,Anthony
rabbittmedia.com,"Digital Marketing, Content Strategy",Anthony
ramechanic.com,Automotive,Anthony
satamatkaa.com,Dog Breeds/Health & Wellness/Products,Anthony
seismicpostshop.com,"Business, Finance, Crypto",Anthony
shockicon.com,"Innovation, Science, Tech",Anthony
silverleafvalley.com,"Sustainable Living, Eco-Friendly Farming, Holistic Wellness",Anthony
springbloomyard.com,Gardening,Anthony
springhillmedgroup.com,Health,Anthony
squaringthenet.org,"Digital AI Ethics, Data Ownership, Cybersecurity Awareness",Anthony
tamilkolli.com,"Finance, Economy, Startups",Anthony
thekissingsailor.com,Travel,Anthony
themeshgame.com,Gaming,Anthony
thinkyah.org,Art,Anthony
thunderonthegulf.com,"Health, Arts/Crafts, Fishing, Gardening",Anthony
universalroofingpa.com,Home,Anthony
vesnakracanovic.com,"Creative Writing,Technical Writing,Copywriting",Anthony
weatherphotocontest.com,"Art, Travel, Photography",Anthony
whtvbox.com,Food,Anthony
activeplayhub.net,Health,Anthony
applepodcastconnect.com,"Messaging Apps,Music Apps,Virtual Reality Apps",Anthony
arcadelifeplay.com,Gaming,Anthony
bloomingfieldhome.com,Home,Anthony
contentviewfinder.com,Marketing,Anthony
esportseliteplay.net,Gaming,Anthony
fantasypuckplay.com,Fantasy Sports,Anthony
go-experimental.com,"Software Development, Drones, Python",Anthony
hathisoft.com,"Programming Languages, Startups, Mobile Apps",Anthony
holidayrentalslondon.com,"Bathrooms,Outdoor Living,Home Insurance",Anthony
iamngn.com,"Tech, Blockchain",Anthony
intlscience.com,"Adult Education,Online Learning,International Education",Anthony
leafandbrick.com,"Gardening, Plants",Anthony
newswatcherzone.com,"News, Business, Lifestyle, Sports",Anthony
parrforthecourse.com,"Football,Basketball,Baseball",Anthony
prettypoliteladies.com,Relationships,Anthony
progaminglounge.com,Gaming,Anthony
projectableonline.com,"Tech News,Robotics,Software Development",Anthony
sixtyyearsnew.com,"Wellness,Travel,Self-Care",Anthony
smart-specs.com,"Software Development,Robotics,Blockchain",Anthony
sportschampionhq.com,Sports,Anthony
talvzetna.com,"Dreams, Imagination, Travel Blogging",Anthony
terragardenhome.com,"Plants, Landscaping",Anthony
thetightropepodcast.com,"Mobile Apps, Podcasts, Social Media",Anthony
tommydorseyorchestra.com,"Kitchens,Home Ideas,Pool Maintenance",Anthony
virtualgamingpro.net,Gaming,Anthony
claritywatchers.com,Self-improvement,Anthony
conscioussuccess.net,"Sales Techniques,Facebook Ads,Exit Strategies",Anthony
diy9.org,"Bathrooms,Home Appliances,Lighting",Anthony
dwain-chambers.com,"Swimming,Cycling,Golf",Anthony
greenfieldnook.com,Gardening,Anthony
growerscottage.com,Houseplants,Anthony
hazylandoes.com,"Overwatch,Fortnite,Nintendo Switch",Anthony
laurusuniversity.com,"Google Ads,Digital Marketing,Negotiation",Anthony
newsanalyzer.net,News,Anthony
oic-iofs.org,"Early Childhood Education,Higher Education,Adult Education",Anthony
painfreeproductivity.com,"Mindfulness,Social Life,Lifestyle News",Anthony
pitchscoop.com,"Corporate Strategy,E-commerce,Business News",Anthony
playmakersarena.net,Sports,Anthony
quietgrovehaven.com,Lifestyle,Anthony
scrollmkr.com,"Creative Writing,Technical Writing,Copywriting",Anthony
sharktankgifs.com,"Operations,PPC,Digital Marketing",Anthony
sheaxero.com,"Tablets, Mobile Apps, MarTech",Anthony
smugglersinnblaine.com,"Solo Travel,Family Travel,Group Travel",Anthony
vproteinsmoothies.com,"Workout,Wellness,Self-Care",Anthony
wellnesswallflower.com,"Self-Care,Work-Life Balance,Fitness",Anthony
wofficesupport.com,"Home Office, Gadgets, Tech Setup",Anthony
wpdose.com,"Wearables,Gadgets,Blockchain",Anthony
igxocosmetics.com,"Beauty, Skincare",Anthony
thelowdownunder.com,"Pop Culture, Travel, News",Anthony
nothing2hide.net,"Gaming,Tech",Anthony
slayercruise.com,Gaming,Anthony
ajamianproductions.com,"Movies, Sports",Anthony
alohiolaw.com,"Google Ads,Business Valuation,Content Marketing",Anthony
anywherestory.net,Travel,Anthony
assembly-vr.com,Tech,Anthony
banditvoice.com,"Sound Vibes, Music Hype, Audio Equipment",Anthony
besttarahi.com,Gaming,Anthony
botbrobiz.com,Tech,Anthony
bracegaming.com,Gaming,Anthony
bruneiarchitecture.com,Architecture,Anthony
chroxyproxy.com,Business,Anthony
conversationswithanthony.com,"Gaming, Tech, Esports",Anthony
conversationswithashley.com,Travel,Anthony
conversationswithsamantha.com,Travel,Anthony
cookiesforlove.com,Food,Anthony
coventchallenge.com,"Tech, Cloud Computing, Cybersecurity, Web Dev",Anthony
crypticstreet.com,Tech,Anthony
debsllc.org,"Lifestyle, Parenting",Anthony
elitetechspark.com,"Emerging Tech, Tech News, Technology Trends",Anthony
emergingtechs.net,"AI, Cybersecurity, IoT",Anthony
eventstreaminsider.com,Media,Anthony
flyarchitecture.net,Home,Anthony
gamingleaguewars.com,Gaming,Anthony
gardenergrove.com,Gardening,Anthony
gardenvistaabode.com,Gardening,Anthony
hakimyayincilik.com,"Writing, Literature",Anthony
healthlovesfitness.com,"Fitness, Wellness",Anthony
hearthstats.net,"Gaming, Tech",Anthony
housereal.net,Real Estate,Anthony
idoyourjob.com,"Business, Marketing, Entrepreneurship",Anthony
insidetheelevator.com,"Business, Marketing",Anthony
lapwinglabs.com,Tech,Anthony
lectfect.com,"Educational Tech, Learning Strategies, Prof. Dev.",Anthony
legaliiis.com,"Management,E-commerce,Business Law",Anthony
lotrizlotriz.com,Gaming,Anthony
milestonearea.com,"Home, Interior Design",Anthony
morningspeople.com,"Fitness, Wellness, Mental Health, Breakfasts",Anthony
mststore.net,Digital Tech,Anthony
musikcalldown.com,Music,Anthony
mygardenandpatio.com,"Home, Garden",Anthony
naturalfloraabode.com,Gardening,Anthony
noonaofficiel.com,Gaming,Anthony
outsidedomain.com,"Outdoors, Travel",Anthony
pahawangtrip.com,Travel,Anthony
passionate-culinary-enterprises.com,"Lifestyle, Food, DIY, Cultural Activities",Anthony
pixelgamerzone.com,"Xbox 360,Horizon Forbidden West,PUBG Mobile",Anthony
prettydecoprints.com,"Printmaking,Art Collecting,Art News",Anthony
proteinfoldingmachinery.org,"Nutrition, Wellness",Anthony
psychoactiverecords.com,Music Production,Anthony
psylentharmony.net,Music,Anthony
rainmakerless.com,"Lifestyle, Fashion, Relationships & Dating",Anthony
rcaengineering.com,"Cybersecurity,Big Data,Gadgets",Anthony
retrogaminglegends.com,Retro Gaming,Anthony
revampabode.com,"Home Design, Outdoor Living, Seasonal Decor",Anthony
rknhoki.com,Betting,Anthony
rocnkitchen.com,"Cooking, Food",Anthony
slamgauge.com,"Health, Fitness",Anthony
southwalespolicerfc.com,"Crypto News, Productivity Hacks, Investing Insights",Anthony
sportzfusion.com,"Sports, Fitness",Anthony
stayloosemusic.com,Music,Anthony
teamspiritconnect.com,"Productivity Hacks, Collaboration Tools, Leadership Tips",Anthony
techiesunited.com,"Tech, AI",Anthony
theguardianhib.com,"Physical & Emotional Health, Nutrition, Fitness",Anthony
thehometrotters.com,Home,Anthony
thriftyevents.net,"Budgeting, Event Planning, DIY",Anthony
towersget.com,Home,Anthony
uppclorg.com,"Renewable Energy, Smart Technology, Safety Guidelines",Anthony
vital-mag.net,"Health, Fitness",Anthony
walkingasone.net,"Wellness, Self-Improvement",Anthony
wildwisemedia.com,"Broadcast Media, Social Media",Anthony
willvarner.com,"Cloud Computing,Hardware,APIs & Integrations",Anthony
wrestleshop.net,Sports,Anthony
wyattrecords.com,Music Production,Anthony
zeeboinc.com,"Tech Reviews, Home Networking, Security",Anthony
high-tech-inspections.com,"Gaming, Tech",Anthony
homerocketrealty.com,Home,Anthony
latesthealthtricks.com,Health,Anthony
mobilecreative.org,Mobile Tech,Anthony
northshoretimingonline.com,Lifestyle,Anthony
ssxnovel.com,Technology,Anthony
playbattlesquare.com,Gaming,Anthony
mythicpacificretreat.com,Travel,Anthony
theserpentrogue.com,Gaming,Anthony
lovelolablog.com,"General, Family",Anthony
wotstory.com,"Food, Nutrition",Anthony
aiocoders.com,"Web/App Design, Cybersecurity",Anthony
alipicks.net,"Health, Nutrition",Anthony
areapatch.com,Real Estate,Anthony
battlearenaonline.com,Gaming,Anthony
businesstechnet.com,"Tech, Cybersecurity",Anthony
canyongross.com,Gaming,Anthony
essentiallast.net,"Survival Skills, Emergency Preparedness, Disaster Readiness",Anthony
focuscoverage.net,News,Anthony
gamefallout.com,Gaming,Anthony
gamerpowerhouse.com,Gaming,Anthony
growthpilotbiz.com,"Cybersecurity,How To,Software Development",Anthony
jasminetype.com,"Writing, Design",Anthony
ktschwaby.com,"Laptops,MarTech,Software",Anthony
luxuryinteriors.org,Home,Anthony
marcomattiacristofori.com,"Consumer Electronics, AI, Laptops",Anthony
mindundermaster.net,Self Improvement,Anthony
moneylaunchnow.com,"Mobile Apps,Gadgets,3D Printing",Anthony
mtlandreliance.com,"Residential Real Estate,Real Estate Investment,Property Management",Anthony
oldbetkingmobile.com,"Gaming, Betting",Anthony
outcomesmhcd.com,"Fitness, Wellness",Anthony
regisstate.org,"State Governance, Public Policy, Regional Affairs",Anthony
riversrunliving.com,"Furniture, Landscaping, Landlord Tips",Anthony
sampagemusic.com,"Rhythm & Beats, Sound Engineering, Music Collaborations",Anthony
songwritingidiots.com,"Songwriting Tips, Music News, Artist Resources",Anthony
sourcednextdoor.com,Home,Anthony
sportsblitzzone.com,"Game Highlights, Athlete Profiles, Sports News",Anthony
squaredsystem.com,Gaming,Anthony
sturnballs.net,Fantasy Sports,Anthony
tamilyogiisaimini.com,"Movies, Entertainment",Anthony
tchaiwalla.com,"Recipes,Nutrition,Healthy Eating",Anthony
thesolefocus.com,"Health Focus, Work Wellness, Fitness Gadgets",Anthony
tsbaby-c.com,Finance,Anthony
usefulideas.net,"Home, Health",Anthony
victorygaminghq.com,Gaming,Anthony
villanocetta-rome.com,"Travel Insurance,Travel Guides,Food & Travel",Anthony
we-are-virtual.com,"Virtual Reality, AI",Anthony
whitelightriot.com,"Wellness, Self-Discovery",Anthony
winabetorg.com,Sports Betting,Anthony
xonium.net,"Crypto, Bitcoin, NFT",Anthony
bestautoxperts.com,"Car Reviews, Maintenance",Anthony
blockbyblockwest.com,"Classical Music,Pop Music,Hip-Hop Music",Anthony
easyengineerng.net,"Early Childhood Education,Higher Education,Teaching Methods",Anthony
esportslegends.net,Gaming,Anthony
fafafitness.net,"Gardening, Landscaping",Anthony
gaminggenius.net,Gaming,Anthony
gate-37.com,Gaming,Anthony
growyourbusinessnetwork.com,"Import/Export,Content Marketing,Business Planning",Anthony
herbnookcottage.com,Gardening,Anthony
lushhomestead.com,"Gardening, Plants",Anthony
myvello.com,"Wellness,Fitness,Travel",Anthony
octagon-88.com,"IOT, No-Code Platforms, SaaS",Anthony
pixelchamp.net,Gaming,Anthony
rootandflora.com,"Gardening, Plants",Anthony
starringamandacongdon.com,"Family Budget,Montessori,Co-Parenting",Anthony
strikingteam.com,Sports,Anthony
theblackowneddirectory.com,"Content Marketing,Sales,Entrepreneurs",Anthony
u302533669.com,"Cloud Computing, AI, Blockchain",Anthony
workatshein.net,Careers,Anthony
theplaycentre.org,Gaming,Anthony
that-bites.org,Food,Anthony
whitneyfox-medium.com,Parenting,Anthony
propagatenetworks.com,Computer Networks,Esther
athleticarenahq.com,"Training Techniques, Sports Equipment, Fitness Guides",Esther
conversationswithesther.com,"Parenting, Arts & Crafts",Esther
healthsciencesforum.com,"Health, Fitness",Esther
mommybloomers.com,"Elementary School,Educational Apps & Toys,Mental Health for Kids & Teens",Esther
mosbyformayor.com,"Small Business,Business Communication,Business Planning",Esther
nixcoders.org,"Coding, Tech",Esther
realrouhani.com,"Elections,Government Administration,Diplomacy",Esther
str8crushfeet.net,Sports,Esther
thecurrentonline.net,"News, Economy, Science",Esther
travellingapples.com,Travel,Esther
triumphgross.com,"Parenting, Self-Care",Esther
fameblogs.net,"General, Celebrity",Esther
lever-edge.net,"Tech, Cryptocurrency",Esther
gtchgth.com,Gaming,Esther
508muralfest.com,"Art, Entertainment, Lifestyle",Esther
cannarywest.com,"Home, Building & Construction",Esther
gfmom.net,"Nutrition for Kids,Teenage Mental Health,Cooking with Children",Esther
holywoodconnects.com,"Employee Training,Business Leadership,Pay Per Click",Esther
nopeaceuntiljustice.com,"Governance,Public Policy,Legislation",Esther
rishabn.com,"How To,AR,APIs & Integrations",Esther
scott-bot.com,"Enterprise Software, SaaS, Security",Esther
amirahcouture.com,"Design, Saving Strategies, Social Media",Esther
jameswoodsforcongress.com,"Governance,International Relations,Political Campaigns",Esther
provocativeplanet.com,"Renewable Energy,Pollution,Climate Change",Esther
abithelp.com,Tech,Esther
bizfusionworks.com,"Business, Finance",Esther
codehappy.org,"Web Dev, Web Apps, DevOps",Esther
dm-gaming.com,Gaming,Esther
electroother.com,Tech,Esther
emailpython.org,"Email Marketing, Python Automation, Campaign Optimization",Esther
frutacrush.com,Gaming,Esther
hyperlogic.org,"Gaming, Tech",Esther
nationalpainreport.com,"Creative Thinking, Productivity Hacks, AI",Esther
sattmataka.com,Betting,Esther
tamildhoom.com,"Business, Finance",Esther
thefairypixel.com,Design,Esther
tullymills.com,"Remodelling, Home Maintenance, Home Insurance",Esther
wedopodcast.com,"Podcasting, Social Media",Esther
zigaero.com,"Personal Growth, Goal Setting, Productivity",Esther
zippergifts.com,"Birthday Parties,Graduations,Anniversaries",Esther
transmartproject.org,"Health, Food, Yoga, General",Esther
v3dpanels.com,"3D Modeling, Design Tools, Animations",Esther
acrylicgross.com,"Art Supplies, Crafts, DIY Projects",Esther
clauurojassvip.com,Fashion,Esther
detroit67.com,"Modern History,Art History,History of Science",Esther
fryarcorp.com,"AI, Augmented Reality, GovTech",Esther
oldschoolgamingnook.com,"Vintage Games, Classic Hardware, 8-Bit Soundtracks",Esther
patriciaraymond.net,"Physical Health,Mental Health,Preventive Care",Esther
remyreport.com,"Leadership, Crypto, Global Destination",Esther
saharahausa.com,Travel,Esther
steyerville.com,"Kitchen Hacks, Product Reviews, Success Stories",Esther
undercoverpilgrim.com,"Luxury Travel,Budget Travel,Family Travel",Esther
unfgaming.net,"Gaming, Esports",Esther
verdantnaturehome.com,"Interior Design, Home Renovation",Esther
ivycliffland.com,"Health, Wellness",Esther
louisebourchier.com,"Exercise,Nutrition,Alternative Medicine",Esther
milkywarm.com,"Cooking, Nutrition, Recipes",Esther
parentfusionlab.com,"High School, First-Time Parenting, Sleep Tips",Esther
purehomemagic.com,"Decorating Ideas,Lighting,Building & Construction",Esther
theowlchicago.com,"Restaurant Reviews, Business, Creative Thinking",Esther
thirfttherapypod.com,"Finance, Cultural Activities, DIY, Life Hacks",Esther
avstarnews.com,"General, Celebrity",Faith
theweeklyspoon.com,"Food, Health, General",Faith
thinksano.com,"Fitness, Health",Faith
travelgimmicks.com,Travel,Faith
virtualaia.com,"Digital Transformations, AI in Business, Virtual Spaces",Faith
zap-internet.com,"Gaming, Tech",Faith
nuskinmurah.com,"Cosmetics, Skincare",Faith
arcadebattlezone.com,Gaming,Faith
arenatrek.com,"Nintendo Switch, Fortnite, Clash Royale",Faith
beethovenwasafrican.com,"Classical,Hip-Hop,Rock",Faith
befitnatic.com,Gaming,Faith
bitclassic.org,Crypto,Faith
bsb-software.com,"Software Development,Smart Homes,Tech News",Faith
burimefilm.com,"Public Relations, Crisis Communication, Advertising",Faith
contactmailpython.org,"Python Programs, Data Science, GUI Dev",Faith
conversationswithtiffany.com,"Parenting, Crafts, Self-Care",Faith
digitalrgs.org,"Gaming, Tech",Faith
durostech.com,Tech,Faith
easyengineerring.net,"School Counseling, Learning Disabilities, Online Learning",Faith
epickitchensolutions.com,"Cooking, Kitchen Gadgets, Recipes",Faith
freelogopng.com,Logos,Faith
fxclue.com,"Business Insurance, Business Valuation, Social Media Marketing",Faith
gamemakerblog.net,Gaming,Faith
gatorgross.com,Sports,Faith
giftutility.com,Gift Ideas,Faith
grosseasy.com,"DIY, Sustainability, Gardening",Faith
helpspectrum.com,"Self-Care Hacks, Work-Life Balance, Personal Growth",Faith
hydrosense.org,"Sustainability,Conservation,Green Technology",Faith
iheart-fitness.com,"Fitness, Health",Faith
infomercial-reviews.org,"Gaming, Tech, Home, Travel",Faith
kiz-oyun.net,"PC Gaming,Ghost of Tsushima,Minecraft",Faith
lamilagrosairreverente.com,"Cooking with Children,Discipline & Behavior,Parenting Styles",Faith
legitguy.com,"Sustainable Living,DIY Projects,Personal Finance",Faith
livingpristine.com,Home,Faith
lovinglifeandlivingonless.com,"Finance, General, Travel, Food",Faith
marcuryfixture.com,"Home Improvement, Interior Design, DIY",Faith
materializing-modernity.com,"Art Criticism,Art News,Art Restoration",Faith
mygreenbucks.net,"Business, Finance",Faith
netzgames.net,"Gaming, Tech",Faith
nymini.net,Fashion,Faith
oneworldplate.com,"Gaming, Tech, Travel, Business, Finance, Sport",Faith
orwellianmathproject.com,"Education, Learning",Faith
pagerehabhc.com,"News, Technology",Faith
pioneertechgears.com,Sports,Faith
randomorg.net,"Fun Facts, Brain Teasers, Life Hacks",Faith
ridethewaveoflife.com,"Life Hacks,Social Life,Personal Growth",Faith
robertwtinsley.com,"Movies, Audio Books, Podcasts",Faith
sandrockrecordings.com,"Classical Music,Pop Music,Hip-Hop Music",Faith
silktest.org,"Gaming, Tech",Faith
smartcommunitylab.com,Gaming,Faith
sustainable-usa.org,"Environment, Sustainability",Faith
swandieve.com,"Health, Fitness",Faith
techoelite.com,"Gaming, Tech",Faith
thefinalmatrix.com,Tech,Faith
theinstafinsta.com,"Social Media Trends, Apps, Tech",Faith
thenervousbreakdown.com,"Self-Improvement, Mental Health",Faith
timesharereliefnow.com,"Holistic Health, Mental Health, Nutrition/Diet",Faith
topicsolutions.net,"Gaming, Tech",Faith
twiliaorg.com,"Health Wellness, Lifestyle Programs, Mindfulness Tips",Faith
untitledshot.com,"Photography Trends, Camera Gear, Photo Techniques",Faith
voicesofconservation.org,"Environment, Conservation",Faith
xtremegamingworld.com,Gaming,Faith
aggreg8.net,"Finance, Tech",Faith
the-art-world.com,Art,Faith
varsitygaming.net,"Gaming, Tech",Faith
g15tools.com,"Gaming, Tech",Faith
pro-reed.com,"Crypto, Tech, Gaming",Faith
hannahgrams.com,"Robotics, Cybersecurity, Quantum Computing",Faith
angewomon.com,Gaming,Faith
caramelbbw.net,"Food, Cooking",Faith
championtrackpro.com,Sports,Faith
costofwar.com,"Gaming, Tech",Faith
gamebattlespro.com,eSports,Faith
gardenstonecottage.com,Gardening,Faith
gospeelmusicbuzz.com,"Entertainment, Music, Social Media, Fashion",Faith
holistic-hyperbarics.com,"Alternative Medicine,Dentistry,Neurology",Faith
letspostit.net,"Social Media, Content Creation",Faith
nateburgos.com,"Art Galleries,Classical Art,Art Auctions",Faith
nightmatketvilla.com,"Mobile Apps, Mobile Gaming, Tech",Faith
reftown.net,Sports,Faith
seemydoha.com,"Solo Travel,Family Travel,Group Travel",Faith
sniffu.com,"Pet Care,Pet Training,Pet Nutrition",Faith
yieldgreat.net,Self Improvement,Faith
actiontorque.net,Sports,Faith
affirmxl.com,"Business, Finance",Faith
cxfakes.net,"Gaming, Tech",Faith
epicbattlehub.com,Gaming,Faith
gardenward.com,Gardening,Faith
glide-technologies.com,"SaaS, VR, Tech Accessories",Faith
growersnestgarden.com,Gardening,Faith
informedperspective.net,Politics,Faith
mcleod-usa.com,Tech,Faith
michaelleegogin.com,"B2B Services,Digital Marketing,Business Strategy",Faith
microbangs.com,Fashion,Faith
sandtris.net,Gaming,Faith
shopiwriter.com,"Editing,Self-Publishing,Business Writing",Faith
stlmugshots.net,"News, Technology",Faith
theroad4youth.org,"Lifestyle News,Personal Finance,Fashion",Faith
urbanherbgrove.com,Gardening,Faith
accessibleux.org,"Web Design, Digital Marketing",Faith
alawlaqi.com,"Tech, Gaming",Faith
anything-except-thomas-walker-lynch.com,"Adult Learning, Online Learning, Education Degrees",Faith
battlechampionshub.net,Gaming,Faith
betterthisworld.com,"General, Health, Business",Faith
bizboostpro.com,"Business, Finance",Faith
businesslife101.com,"Business, Leadership, Startup Strategies",Faith
classicgamingden.com,Gaming,Faith
craigscottcapital.com,"Finance, Business",Faith
crucialopinions.com,Apps,Faith
elisehurstphotography.com,Sports,Faith
epicfield.net,Gaming,Faith
etherions.com,Crypto,Faith
feathershort.com,Software,Faith
feedbackmagazine.org,Music,Faith
greenbloomcottage.com,Gardening,Faith
halfmoonandsevenstars.com,Gaming,Faith
homehavenhq.com,"News, Technology",Faith
homesafetn.org,Home,Faith
iri-llc.com,Gaming,Faith
katrinapreislerweller.com,Fitness/Health,Faith
killingfieldsofontario.com,"Investing, Productivy, Entrepreneur Spotlights",Faith
leopardtheme.com,"Computing, Tech, Gadgets",Faith
mindlabdesigns.com,Self Improvement,Faith
moneynewsworld.net,"Crypto, Finance",Faith
myeducationdata.net,Education,Faith
nomedoseuprovedor.com,"Tech, Software Dev, Web Dev, IoT",Faith
notinthekitchenanymore.com,"Gaming, Tech",Faith
onlinagah.com,"Gambling Insights, Tech Updates, Betting Trends",Faith
origincover.com,"Parenting, Family",Faith
pixel-bits.com,"Environmental Tech, Tech Innovations, Digital Solutions",Faith
rangertheme.com,"Cybersecurity, Web Dev, Programming Languages",Faith
redandwhitemagz.com,"Business, Finance, Tech",Faith
robthecoins.com,"Crypto, Finance",Faith
roninarea.com,Architecture,Faith
simplyseven.net,"Healthy Living, Self-Improvement",Faith
snapsource.net,Tech,Faith
sportssavvyspot.com,"Sport Psychology, Fitness Training, Sporting Gear",Faith
sr-wconsulting.com,"Small Business,Investment,Operations Management",Faith
startingblockonline.com,Tech,Faith
sttamtka.com,Gambling,Faith
stvchu.org,Music,Faith
sunnylast.com,"Travel/Outdoor Gear, Leisure & Recreation",Faith
swipewindow.com,Apps,Faith
terabytelabs.net,Tech,Faith
thegameland.net,"Gaming, Tech",Faith
thestripesblog.com,"General, Gaming, Tech, Travel, Business, Finance, Crypto, Sports and entertainment",Faith
thewebdesiners.com,"Web Design, IoT, Telecommunications",Faith
trendsetti.com,"Fashion Design, Activewear, Outerwear",Faith
tuquymobile.com,"Gadgets, Tech, Mobile Apps",Faith
verbum-sat.com,"Business, Marketing, Startups",Faith
wh0w.com,"Influencer Marketing, Social Media Trends",Faith
wholesomecottage.com,"Gardening, Plants",Faith
aliasshareshop.com,"Beauty, Fashion, Health/Wellness",Faith
electronmagazine.com,"Gaming, Tech, Entertainment",Faith
emberslasvegas.com,Casino,Faith
fightingforfutures.org,Career Development,Faith
importantcool.com,"Mom Blog, Parenting, General",Faith
interface-design.net,Tech,Faith
thehealthyprimate.org,"Nutrition, Fitness",Faith
tomtechblog.com,"Tech, Gaming",Faith
technolotal.org,Tech,Faith
richmondquynhons.com,Parenting,Faith
ontpress.com,"Finance, Business, Health",Faith
aegaming.tv,Gaming,Faith
assemblyhallseattle.com,Gaming,Faith
baboon-project.org,"Tech, Coding",Faith
battlezonechamp.com,Gaming,Faith
beerandmagic.com,"Brewing Techniques, Brewmaster Essentials, Home Brewing",Faith
blackrocklast.com,Health & Holistic Wellness,Faith
bluffgamble.com,Gambling,Faith
bookspersonally.com,Sports,Faith
businessman101.com,"Business, Leadership",Faith
clutchsmall.com,"Business Advice, Startup Growth, Market Trends",Faith
conversationswithfaith.com,"Spiritual Growth, Faith Stories, Personal Reflections",Faith
dazzlerlibertad.com,"Adventure Travel,Budget Travel,Luxury Travel",Faith
eatthehumblepie.com,"Cooking, Food",Faith
kairaly.net,"Postpartum Care, Breastfeeding, Family",Faith
kronosshort.com,"Education News, Global Citizenship, Digital Literacy",Faith
kurtandsid.com,"Parenting, Esports, Design",Faith
leafygardenhome.com,"Gardening, Plants",Faith
meganthephotographer.com,"Photography,Contemporary Art,Art Theory",Faith
metsuiteorg.com,"Productivity Tools, Business Solutions, Professional Software",Faith
myinternetaccess.net,"Cybersecurity, Tech",Faith
protontheme.com,"Tech, Web Design",Faith
rallyedge.net,Sports,Faith
skillsclonelife.com,"Health/Wellness, Home, Finance",Faith
songoftruth.org,Parenting,Faith
soundwellmusic.com,Music,Faith
sourceobjectivity.com,News,Faith
sportnewsplanet.com,Sports,Faith
sportscene360.com,Sports,Faith
standardgross.com,"Business, Finance",Faith
stateaccent.net,"Culture, History, Societal Trends",Faith
travellerchris.com,"Basketball, Travel, Food",Faith
treecarekelowna.com,"Gardening, Sustainable Living, DIY",Faith
vibranthomehealthcare.com,"Preventive Care,Pediatrics,Cardiology",Faith
webtosociety.com,"AI, Tech",Faith
wood-brand.com,Home,Faith
ymovieshd.net,Movies,Faith
doanphuongkimlien.com,Travel,Faith
esportschampionhub.net,eSports,Faith
legxercise.net,Health,Faith
livewallpaper-android.com,Tech,Faith
mediacircleinsights.com,Media,Faith
moveprimalhtx.com,"Health, Fitness, DIY",Faith
outfestfusion.com,Apps,Faith
rubysjewellery.com,Home,Faith
sugarandsucculents.com,"Organic Gardening,Herbs,Vegetable Gardening",Faith
wordpressthemeit.com,Web Design,Faith
wpfbevents.com,"Milestone Celebrations,Occasions News,Birthday Parties",Faith
protocol-online.net,"Crypto, Tech, Gaming",Faith
news-world-report.com,"News, Business, Tech",Greg
seattlesportsonline.com,Sports,Greg
theblockchainbrief.com,Crypto,Greg
thedesperateblogger.com,"Digital Strategy, Social Media Growth",Greg
thesportshouse.net,Sports,Greg
futuretechgirls.com,"Gaming, Tech",Greg
biorobur.org,Travel,Greg
allaroundthe-house.com,Home,Greg
amershamhealty-us.com,"Nutrition, Holistic Health, Alt. Medicine",Greg
anwire.org,"Tech, Science",Greg
axiumtech.net,"Tech, Health",Greg
biker-barz.com,"Motorcycles, Road Safety",Greg
blossomcreekgarden.com,Outdoor and Gardens,Greg
blueflamepublishing.net,Tech,Greg
bmdino.com,Parenting,Greg
boujeefitshapewear.com,Health & Fitness,Greg
bramblefieldridge.com,"Organic Farming, Outdoors",Greg
conversationswithgreg.com,Travel,Greg
dognip.net,Pets,Greg
dwchr.com,"Mobile, Apps, Social Media",Greg
e-sporthub.com,"Esports, Gaming",Greg
everythingnew.net,"Tech, Business",Greg
filmyzillah.com,"Film, Streaming, Entertainment",Greg
greatestarea.com,Travel,Greg
greenleafcorner.com,"Gaming, Tech",Greg
home-hearted.com,Home,Greg
homeexpoevents.com,Home,Greg
jimkitchens.com,Finance & Business,Greg
jojo-records.com,Music,Greg
kidsturncentral.com,"Family, Parenting, Travel, Education",Greg
lexarphotorecovery.com,"AI, Software, Tech, Networks",Greg
mazinoukari.com,Japanese Cultural/Art/Heritage,Greg
moneyaisle.com,"Business, Finance",Greg
musikcalidown.com,"Music, AV",Greg
myfavouriteplaces.org,"Travel, Sustainability",Greg
naomih666.net,"Tech, AI, Digital World",Greg
networkfinds.com,"Gaming, Tech",Greg
polyprincessriri.com,Fashion,Greg
prafulstu.com,"Gaming, Tech",Greg
sattamtaka.com,"Gaming, Tech, Betting Tips",Greg
soveriegnmindmagazine.com,Geopolitics,Greg
ssq727.com,"Gaming, Tech",Greg
techsolutionsbiz.com,"Tech, Software, IT",Greg
thechannelrace.org,"Sports, watersports, racing",Greg
thelaptopadviser.com,"Laptops, Gaming, Tech",Greg
thinkofgames.com,"Gaming, Tech",Greg
tonicmovies.net,Entertainment,Greg
truetec-sa.com,"Tech, IT, Telecommunications",Greg
tubitymusic.com,Music,Greg
tuple-tech.com,Tech,Greg
yespark.net,Travel,Greg
zeeshandurrani.com,"Parenting, Family",Greg
floond.com,"Food & Culture, Travel",Greg
cloudysocial.com,"Tech, Social Media",Greg
festivefitnessphilly.com,"Fitness, Health, Yoga",Greg
allkyhoops.com,Sport & Fitness,Greg
art4green.com,"Renewable energy, recycling",Greg
basketballdraftguru.com,Outdoor and Gardens,Greg
boraliato.com,Fashion,Greg
claimsoverview.net,Outdoor and Gardens,Greg
creative-tshirt.com,"Fashion, Jewellery",Greg
esportstourney.net,Outdoor and Gardens,Greg
feed-organic.com,Home,Greg
freelancegossip.com,Business,Greg
genietown.com,Home,Greg
greenleafyard.com,Outdoor and Gardens,Greg
lantians.net,Entertainment,Greg
publicvoiceinsights.com,"Tech, World News, Politics",Greg
swiftathletes.com,"Health, Fitness",Greg
techevolution.com.au,"Automotive, Technology",Greg
thepeasegroup.com,"Business, Marketing",Greg
tuarmstadt.com,"World News, Politics",Greg
andy-samberg.com,Entertainment,Greg
animatedcliparts.net,Art & Design,Greg
bourbonshouse.com,"Family, Parenting",Greg
cedarandvineyard.com,"Gaming, Tech",Greg
dollah.net,"Finance, Investments",Greg
florahearthome.com,Outdoor and Gardens,Greg
gamingclasharena.com,Art & Design,Greg
gamingleaguezone.net,"Gaming, Tech",Greg
harvestbloomhome.com,Home,Greg
hautepresents.com,Home,Greg
revolvertech.com,"Gaming, Tech",Greg
riversideretreatplace.com,"Real Estate, Investment, Lifestyle",Greg
strategyless.com,Gaming,Greg
vernonjordan.com,"Lifestyle, Movies, DIY",Greg
ababyproduct.com,"Parenting, Baby Products",Greg
accordshort.com,"Business, Finance",Greg
allchessopenings.com,"Gaming, Esports, Chess",Greg
anglospeed.com,Sport,Greg
applianceicon.com,"Home, Appliances",Greg
articoolo.com,"Content Marketing, Digital Strategy, AI Tools",Greg
bcgameapp.net,"Gaming, Tech",Greg
bcgamecrash.net,"Gaming, Tech",Greg
behavior-works.com,"Food, sustainable living, lifestyle",Greg
bettingbase.net,Sports,Greg
conversationswithsandra.com,"Business, Finance",Greg
crisispud.com,Business & Lifestyle,Greg
deephacks.org,"A.I, Cybersecurity, Tech, Internet",Greg
digitalhub4geeks.com,"Tech, Programming",Greg
dillisatta.com,"Haircare, Beauty, Health",Greg
eliteathletearena.com,Health & Fitness,Greg
enginesharing.com,"Auto, Tech",Greg
entretech.org,"Business, Finance, Tech",Greg
fb88eu.net,"Parenting, Health & Nutrition",Greg
fitness-talk.net,"Health, Fitness",Greg
freewayget.com,"Tech, Software, Apps",Greg
gravityinternet.net,"Internet, Tech",Greg
grosstrainer.com,"Health, Fitness",Greg
gyui-n.com,"Gaming, Tech",Greg
herbpathcottage.com,"Gaming, Tech",Greg
homeandmommyblog.com,"Home, Parenting",Greg
iodaracing.com,Racing,Greg
mademathika.com,Education,Greg
mailtopython.org,"Internet, Python, Programming",Greg
novelteagames.com,"Gaming, Tech",Greg
onedayform.com,"Events, Party Planning, Crafts, Design",Greg
orchidsletseduvate.com,"Education, Parenting",Greg
pawerbet.com,"Sports Betting, Gambling",Greg
prenpartit.org,"Tech, Innovations, Telecommunications",Greg
rexy-rockit.com,"Gaming, Tech",Greg
riorevolution.net,"Green Energy, Sustainable living",Greg
sarahmarieconrad.com,Finance & Crypto,Greg
semanticlast.com,"Health, Realationships, Well-Being",Greg
severedbytes.net,"Gaming, Tech",Greg
shortengine.com,"Tech, Software, Apps",Greg
shorty114.net,"Travel, Health & Wellness",Greg
sportsfanfare.com,Sports,Greg
steverudden.com,"Coding, Tech",Greg
stileloot.com,Fashion,Greg
themommylabs.com,"Parenting, Wellness",Greg
ticketspread.com,"American Football, Sports",Greg
tierraarea.com,"Business, Finance",Greg
tranquilgardenhome.com,Outdoor and Gardens,Greg
trekkersunite.com,Travel,Greg
underengine.com,"Software, Programming, Tech",Greg
webbizmagnet.com,Tech,Greg
wibexeorg.com,Finance,Greg
bouncemediagroup.com,General,Greg
gamerflicks.com,"Gaming, Tech",Greg
herroyalguardian.com,"Gaming, Food, Social Media",Greg
onesentencediary.com,"Family, Parenting, General",Greg
socceragency.net,Sports,Greg
sports-report.net,Sports,Greg
travel-quests.com,Travel,Greg
thehake.com,"Gaming, Tech",Greg
geekgadget.net,"Gaming, Tech",Greg
eurotechtalk.com,Tech,Greg
absolutbleu.com,Sports,Greg
app-sandbox.com,Apps,Greg
culinaryroam.com,"Food, Cooking",Greg
fanzonefrenzy.com,"Gaming, Esports",Greg
firmanfirdaus.com,"Heath & Fitness, Self Care",Greg
giaygiathanjang.com,Home,Greg
harvestpathhome.com,"Business, Tech, Writing",Greg
health-crazy.com,Wellness,Greg
kim-secret.com,Beauty & Lifestyle,Greg
kontolin.net,Finance,Greg
letsbuildup.org,"Family, Parenting",Greg
loopyinlove.com,"Relationships, Love Tokens",Greg
naturaplug.com,"Health, Food, Well-Being",Greg
naturestonecottage.com,"Finance,Tech",Greg
park-explore.com,"Travel, Outdoors, Parks",Greg
randomgiant.net,"Business, Finance",Greg
rivenis.net,Art & Design,Greg
teamarcadeplay.com,"Gaming, Tech",Greg
terrafloraabode.com,Outdoor and Gardens,Greg
trichotillomaniauk.com,"Family, Travel",Greg
united-gamers.net,"Gaming, Tech",Greg
verdantbloomhome.com,Outdoor and Gardens,Greg
votrobvotrob.com,"Home, Craft",Greg
xutaoblog.com,"Wellness, Nutrition, Pets",Greg
athinkingsam.com,"Well being, life management",Greg
betfastaction.net,Gambling,Greg
bloomfieldabode.com,Outdoor and Gardens,Greg
extremechat.net,Home,Greg
fearofsilverarm.com,"Gaming, Tech",Greg
gardenbridgehome.com,Outdoor and Gardens,Greg
highpointcoffeeoxford.com,Home & Real Estate,Greg
hollyanneblake.com,"Family, Childcare",Greg
lboacademy.com,"VR, Software, EV Cars",Greg
mamarootsworld.com,"Alternative Education,Saving for College,College",Greg
naturegrovecottage.com,Home,Greg
phxbug.org,Business & Finance,Greg
playdominion.net,"Sustainable Living, Outdoors, Wine",Greg
riproar.com,"Business, Finance, Tech",Greg
twentyfourwine.com,Home Improvement,Greg
txoilltd.com,Business,Greg
gamificationsummit.com,"Gaming, Tech",Greg
mywirelesscoupons.com,"Gaming, Tech",Greg
disquantified.org,"General, Business",Martin
lookwhatmomfound.com,"Mom Blog, General",Martin
jerseyexpress.net,"General, Entertainment",Martin
steveblakebasketball.com,"Sports,Basketball",Martin
meltingtopgames.com,Gaming,Martin
wincyurl.com,"Sports, Fitness, Nutrition",Martin
afslr.org,"Etsy Marketing,Influencer Marketing,Negotiation",Martin
analysistheme.com,"Finance, Tech",Martin
ashenaletube.net,Gaming,Martin
bitnation-blog.com,"Crypto, Trading",Martin
bluemediafiles.org,"Tech, AR & VR, Mobile Apps",Martin
coststatus.com,Finance,Martin
engmenu.com,"Tech, Home Networking, SaaS",Martin
erealmedia.com,"Accounting,Leadership,Business Development",Martin
fzetmovies.com,"Movies, TV",Martin
gamerherohq.net,Gaming,Martin
gaming-daze.com,"Gaming Tips & Tricks, Gaming News, Gaming Lifestyle",Martin
gamingpowerarena.net,Gaming,Martin
greediegoddess.com,Food,Martin
guadalupebarrientos.com,Fashion,Martin
hikhanacademy.org,"Learning Strategies, Prof. Dev., Educ. Tech",Martin
ichelthomas.com,Travel,Martin
inpossibleoreo.net,"Cooking, Recipes",Martin
insidertravellers.com,"Hidden Destinations, Travel Hacks, Cultural Insights",Martin
jaazpackages.com,Travel,Martin
letwomenspeak.com,"Health, Fitness, Female",Martin
liveamoment.org,"Family, Parenting",Martin
macshackaz.com,"Apps, IoT, Sustainable Tech",Martin
miaoxb.com,Gaming,Martin
mirandahmarievip.com,Travel,Martin
modularchetecture.com,"Tiny Homes, Sustainable Living, Urban Architecture",Martin
movierools.com,"Film Trends, Movie Classics, Cinematic Art",Martin
musicforabusycity.com,"Classical Music,Pop Music,Hip-Hop Music",Martin
mycadie.com,"Tools & Workshop, Remodelling, House Plants",Martin
onoxservices.com,"Cloud Services, Cybersecurity, Software Tools",Martin
orobae.net,"Gardening, Plants",Martin
pickleballbrackets.net,Sports,Martin
pixxarmom.net,"Mom Blog, Parenting",Martin
qaonapp.net,"Business, Finance",Martin
redzonegross.com,Sports,Martin
retrogamingemporium.com,Gaming,Martin
rootandpetalhome.com,Home,Martin
sportsunitenetwork.com,"Fitness, Nutrition, Wellness",Martin
sprucestonepeak.com,Outdoor Living,Martin
stonecreekvineyard.com,"Food, Cooking",Martin
termclear.com,"Business Systems, Data Analytics, Risk Management",Martin
trevorball.com,"AI, Phones, Biotech",Martin
triggeratroll.com,Gaming,Martin
tritotriumph.com,"Adoption & Fostering,STEM for Kids,Family Traditions",Martin
ucomics.com,"Comics, Anime, Manga",Martin
upnabove.com,"Aerospace,Defense Technology",Martin
wealthybyte.com,"Finance, General, Tech",Martin
windwardshare.com,Travel,Martin
yutubestudio.com,"Social Media, Content Creation",Martin
vxanimations.com,"Digital Design, Video Editing, Animations",Martin
timothyeugenius.com,"Health, Self-Improvement",Martin
cleangofrance.com,"Beauty & Costmetics, Mindfulness, Sustainable Living",Martin
abuy24.com,"Online Shopping,E-commerce,Shopping App",Martin
alifeinawareness.com,Lifestyle,Martin
americansagainstmlms.com,"Marketing, Business",Martin
anonibs.net,Gambling,Martin
cleartruthsource.com,Politics,Martin
earthleafgarden.com,Gardening,Martin
fantasypuckline.com,Fantasy Sports,Martin
floraandgarden.com,Gardening,Martin
flourishmeadowgarden.com,"Gardening, Plants, Landscaping",Martin
focusedsources.net,"Management, Personal Growth",Martin
greenhousecorner.com,Garden,Martin
greenpatchcottage.com,"Gardening, Plants, Landscaping",Martin
herbverdegarden.com,"Gardening, Plants, Landscaping",Martin
littlestarwriting.com,"Screen Time & Management, Child Development, Montessori",Martin
myworstwebsite.com,"Hardware, Robotics, PaaS",Martin
oxfordlovepacks.com,"High School, Teenagers, Mental Health for Kids & Teen",Martin
parentpulsedaily.com,School,Martin
publicviewinsights.com,Politics,Martin
rusticgardenhome.com,"Gardening, Plants, Landscaping",Martin
sdfjhwerfs.com,Travel,Martin
sportelitearena.com,Sports,Martin
traveltweaks.com,"Travel, Food",Martin
birdsandbubbles.com,"Recipes, Nutrition, Healthy Eating",Martin
bookbolt.net,Content Writing,Martin
cryptocrowns.org,"Crypto, Tech",Martin
evidencebrief.com,Education,Martin
gongshoudaofilm.com,Gaming,Martin
myfriendcentral.com,Parenting,Martin
n6rpf.net,Tech,Martin
remedyonglass.com,"Exercise,Nutrition,Alternative Medicine",Martin
saraniresort.com,Home,Martin
skybluedot.com,"Urban Green Spaces, Pollution, Conservation",Martin
teamphilips.com,"Martial Arts, Boxing, Wrestling",Martin
theguildofmisrule.com,"Painting, Photography, Art Galleries",Martin
ultimatesportfocus.net,Sport,Martin
voidscan.net,"AI, Tech",Martin
warzonefighters.net,eSports,Martin
katieletcherlyle.com,"Credit Score Tips, Food Trends, Saving Strategies",Martin
alignfile.com,"Cloud Computing, Data Analysis, Productivity Tools",Martin
battlereadygamers.com,"Horizon Forbidden West, Forza, Hogwarts Legacy",Martin
businesstech-money.com,"Business Trends, Business Systems, Financial Strategies",Martin
celebrationfantastic.com,"Montessori, Child/Teen Mental Health, Sports for Kids",Martin
conversationswithmartin.com,"Sports, Fitness",Martin
creativeculturetribe.com,Travel,Martin
dorvakt.org,Gaming,Martin
etruesports.com,"Esports, Entertainment",Martin
evolvedgross.com,"Tech, Science, Creativity & Arts",Martin
familysearchorg.com,Travel,Martin
gamervictoryzone.com,Gaming,Martin
grandmasterflash-thebridge.com,Music,Martin
happywomenday.com,"Home, Esports, Digital Tools & Resources",Martin
hardwearmerry.com,Home,Martin
harmoniclast.com,Adventure/Travel,Martin
horizonsoft.net,"Tech, Apps, AI",Martin
hypnozio.net,"Business, Management",Martin
improveville.com,"Self-Improvement, Healthy Living, Productivity Hacks",Martin
insidernotice.com,Social Media,Martin
intentmedia.com,"Travel, Destinations",Martin
karomi.net,Marketing,Martin
latestsportsbuzz.com,"Sports, Fitness",Martin
mucicallydown.com,Music,Martin
mycosykitchen.com,Food,Martin
mydecine.com,Health,Martin
mywafl.com,"Personal Development, Lifestyle",Martin
nekographicsdesign.com,"Art News,Contemporary Art,Digital Art",Martin
netcurtains.org,Parenting,Martin
nextgengamingco.com,Gaming,Martin
ninjabytezone.com,Gaming,Martin
oidbet9ja.com,"Online Betting, Gaming",Martin
oneworldcolumn.org,Parenting,Martin
penyikul.com,"Business, Sales, Leadership",Martin
play777games.net,Gambling,Martin
readlists.com,"Author Profiles, Books",Martin
reviewmeans.com,"Business, Finance",Martin
robustarea.com,Travel,Martin
savingtheplants.com,"Sustainability, Environment",Martin
serveradmintoolbox.com,"Cloud Management, IT Automation, Server Management",Martin
socalpodcastexpo.com,"Podcasts, Social Media",Martin
somethingnewnow.net,"Business, Finance",Martin
sonsof1984.com,"Business, Economy",Martin
springbloomhome.com,Home,Martin
tabletwritings.com,Tablet Apps/Tips,Martin
theweddingmistakes.com,Relationships,Martin
timeshealthmag.com,"Fitness, Nutrition, Wellness",Martin
tourism-network.net,Travel,Martin
travelsfornow.com,Travel,Martin
verifiedfactsources.com,Media,Martin
worksoptheguardian.com,"Breaking News,International News,Local News",Martin
joanmaragall.net,"Art, Travel, Home Improvement",Martin
modernbusinesslife.com,Business,Martin
shopnaclo.com,"Business, Finance",Martin
blibibaoffice.com,Sport,Martin
mikanzil.com,Travel,Martin
alignlast.net,"Ortho Care, Wellness, Beauty",Martin
anniekate78.com,"Family, Self-Care, Bridal & Baby Showers",Martin
bacaocaosutot.com,"Architecture, Design",Martin
battlechampionsleague.net,Gaming,Martin
bespokelydigital.com,Marketing,Martin
beyondthedeskleadership.com,"Business, Leadership, Finance",Martin
bossmataka.com,"Game, Betting",Martin
botanicahaven.com,Gardening,Martin
cash-nest.com,"Finance, Investments",Martin
collaboratecollective.com.au,"Business Tech, SEO, Lead Generation",Martin
cultureshocklondon.com,"City Culture, London Highlights, Urban Vibes",Martin
digitalracearena.com,Virtual Racing,Martin
esportsdominion.net,"Gaming, Esports",Martin
evilgeniusdownunder.com,"Fitness, Health",Martin
exactobserver.com,"Analysis, Politics, Local News",Martin
gamerunitynet.com,Games,Martin
gaminguniversehub.net,Gaming,Martin
iloverscats.com,"Pet, Cats",Martin
jardinersoliveras.com,"Sustainable Agriculture, Biodiversity, Urban Green Spaces",Martin
jordantrent.com,"Sports News, Sports Nutrition, Esports",Martin
latest-templates.com,"WordPress, Plugin Dev.",Martin
leafyherbhome.com,Gardening,Martin
leaguechannellife.net,"Esports, Gaming",Martin
liveitloveitdoit.com,"Wellness,Travel,Self-Care",Martin
lushleafhome.com,"Home, Interior",Martin
movierulez2.com,"Movies, TV",Martin
myfavoriteflan.com,"Food, Cooking",Martin
okayperiod.com,"Menstrual Care, Cycle Support, Menstrual Needs",Martin
onlineveterinarypractice.com,"AI, Tech Reviews, VR",Martin
origincovershop.com,"Baby Care, Family, Mom Lifestyle",Martin
peachandblackplus.com,Creativity & Arts,Martin
proathletezone.net,Sports,Martin
proxicroxy.com,"Proxy Servers/Applications, Cybersecurity",Martin
quillorg.com,"Writing Workshops, Creative Stories, Author Hub",Martin
segwaysightseeing.com,Home,Martin
talent-eu.com,HR,Martin
thriftstory.org,"Budget Fashion, Upcycling, Thrift Shopping",Martin
tomorrowspaperstoday.com,"Motivation, Freelancer Life, Habit Building",Martin
verdantmeadowhome.com,"Garden, Home",Martin
wildbloomcottage.com,Gardening,Martin
xiangaijiaqi.com,Travel,Martin
americapartygear.com,"Political Economy, Legislation, Political Movements",Martin
californiaoaksgc.com,"Bedrooms, Backyard Entertaining, Sustainable Living",Martin
danni2427.net,Business,Martin
depomin82.net,Business,Martin
digitalflan.com,"B2B Marketing, Affiliate Marketing, Customer Relationship Management",Martin
directsourcehub.net,News,Martin
giga888autos.com,Cars,Martin
katrinatatae.com,"Crafts & DIY for Kids, Early Childhood Education, Infant Vaccination Schedule",Martin
lachulamasverraca.com,"Business, Personal Development",Martin
moderaterisk.net,"Franchises, SEO, Course Reviews",Martin
neutralvoice.net,Politics,Martin
outsideguygear.com,"DIY Projects, Outdoor Living, Home Renovation",Martin
remotebanner.com,Marketing,Martin
stealthgamble.com,Gambling,Martin
storiesads.com,"Digital Marketing, Email Marketing, Social Media Marketing",Martin
theamericanfriend.com,"Beauty, Smart Home Tech, Parenting",Martin
tksanders.com,"PAAS, APIs & Integrations, EDTech",Martin
universityquestionpapers.com,"STEM Education,Vocational Training,Adult Education",Martin
zerodevice.net,Tech,Martin
all-architect.com,"Architectural Trends, Design Inspiration, Sustainable Building",Phillip
theamericansecrets.com,"Hobbies, Sports, Money Management",Phillip
toolmilk.com,Digital Technology & Software,Phillip
clinicaelcarretero.com,"Pet Care, Training, and Nutrition",Phillip
joker123bo.com,"Casino Games, Slot Machines, and Roulette",Phillip
virtualbuilder3d.com,"3D Modeling, Virtual Design Solutions",Phillip
aperturearea.com,Photography,Phillip
backstagepage.com,"News, Tech, Entertainment",Phillip
bankniftyinvesting.com,"Finance, Investments",Phillip
beaconsoft.net,Tech,Phillip
bizwebgenius.com,"E-commerce, SEO techniques, Web Analytics",Phillip
bk8bk8vao.com,"Online Gambling, Casino Games, Betting Tips",Phillip
bloomyardcottage.com,"Gardening, Landscaping",Phillip
briarnestplace.com,"Outdoor, Lifestyle, Wellness",Phillip
bunnymuffins.net,"Cooking, Food Culture, Recipes",Phillip
callscroll.com,"Healthy Recipes, Fitness, Work/Life Balance",Phillip
cancelhow.com,Canceling Services,Phillip
checkerpointorg.com,Tech,Phillip
courseraorg.net,"Tech Tutorials, Learning Trends, Skill Building",Phillip
digitalnewsalerts.com,Tech,Phillip
diva-designed.com,Fashion,Phillip
epicgamerhq.com,Gaming,Phillip
epuzzle.net,Competitive Gaming,Phillip
essec-kpmg.net,Finance,Phillip
fabricconfirm.com,"Textiles, Sustainable Fashion, Fashion Design",Phillip
fawnridgewood.com,Eco Travel,Phillip
flourishingfieldgarden.com,Gardening,Phillip
gadgetsguruz.com,Gadgets & Tech,Phillip
georgia-van-etten.com,"Technology in Life, Budgeting Made Easy, Mindfulness Practices",Phillip
greenpathassessment.com,Sustainable Living,Phillip
heart-of-hearts.com,Relationship & Emotional Wellness,Phillip
huwib-bold.com,Interior Design,Phillip
journeywatersports.com,Home,Phillip
leafnookgarden.com,"Gardening, Plants",Phillip
masseriaspina.com,"Backyard Entertaining,Interior Design,Interiors",Phillip
messgodess.com,"Women's Fashion, Streetwear Trends, Accessories",Phillip
micro-pets.com,"Pet Care,Pet Photography,Pet Accessories",Phillip
musicfunhill.com,Music Producction,Phillip
mydiginest.com,"Digital Lifestyle, Education, Gadgets",Phillip
nagpursatta.com,"Gambling, Entertainment, News",Phillip
noithattvt.com,"Tech, Mechanics, Computers",Phillip
norstratiamrestaurant.com,"Food, Cooking",Phillip
oakandpinepublishing.com,Books/Publishing,Phillip
okeechobeeacrepair.com,"Urban Green Spaces, Sustainability, DIY",Phillip
phausto.com,"Social Media, Content Creations",Phillip
playmasterarena.net,Gaming,Phillip
protongamer.com,Gaming,Phillip
proxcroxy.com,Digital Technology,Phillip
reactcheck.com,React Dev/Testing/Management,Phillip
residencerenew.com,"Home, Interior Design, Smart Home Tech",Phillip
rtds-online.com,"VR, Digital Entertainment",Phillip
sarrast.net,"Parenting, Baby Care",Phillip
sessionnotes.org,"Music Innovations, Creative Process, Recording Essentials",Phillip
setupseeker.xyz,"Tech Setup, Gadgets, Home Office",Phillip
sierrasavedsteph.com,"Art, Literature, Health & Wellness",Phillip
smartsatta.com,Gaming,Phillip
someboringsite.com,"Learning, Art, Personal Development",Phillip
sportscentrehub.com,"Sports, Fitness & Nutritian",Phillip
termanchor.com,Travel,Phillip
thetraveleditor.com,Travel,Phillip
thunderflex.net,"Wellness, Fitness, Travel",Phillip
trendpulsemag.com,"Habit Building,Personal Finance Tips,Motivation",Phillip
ukmondo.com,"Global Tech, Crypto, Habit Building",Phillip
valleygross.com,"Real Estate, Property Management, Investment",Phillip
venky12.com,Health & Wellness,Phillip
vidigalo.com,"Digital Media,Social Media,Journalism",Phillip
w88w88hanoi.com,"Arts, Culture, Travel, Food",Phillip
waptirick.com,Technology,Phillip
westbrightlaw.com,Business Law,Phillip
xirocode.com,"Tech Gadgets, Web & Software Dev, AR & VR",Phillip
mindfulcounselingschool.com,Education,Phillip
caveduck.net,Education,Phillip
eldrow.net,Gaming,Phillip
epicreadsmagazine.com,"Digital Nomad Life,Education Today,Side Hustle Ideas",Phillip
floragreenhome.com,"Gardening, Plants, Landscaping",Phillip
futuretheatrclwyd.com,"Mindset Mastery, Retirement Planning, Future Forecasts",Phillip
sophiethebodyvip.com,Fashion,Phillip
store-aqua.com,"Interior Design,Lighting,Home Appliances",Phillip
ultimateplayzone.net,Gaming,Phillip
veracityinsights.com,Digital Marketing,Phillip
virtualarcadeworld.com,Gaming,Phillip
votegeorgecooper.com,"Business Planning, Supply Chain Management, Sales",Phillip
appetitejourney.com,"Cooking Techniques,Food Safety,Ethnic Cuisine",Phillip
balancedcoverage.net,"International News,Opinion Pieces,Science News",Phillip
crystalcreekland.com,"Outdoor, Lifestyle, Wellness",Phillip
enchantmentsincnyc.com,"Digital Tools and Resources, Relationship Advice",Phillip
esportscommand.net,Esports,Phillip
esportsvelocity.net,Sports,Phillip
fantasycourtplay.com,Fantasy Sports,Phillip
gardenrootscottage.com,"Gardening, Landscaping, Plants",Phillip
grantwindsormusic.com,"Smart Home Tech, Entrepreneur Spotlights, Pop Culture Picks",Phillip
greenverdantgarden.com,Landscaping,Phillip
harucake.net,"Food, Cooking",Phillip
helcat.net,Education,Phillip
lalocandadelcolonnello.com,"Luxury Homes,Lighting,Kitchens",Phillip
mitintico.com,"Digital & Web Design, Tech Gadgets",Phillip
movingdartmouthforward.com,"Early Childhood Education,Higher Education,Adult Education",Phillip
nextgencryptonews.com,"Social,Enterprise Software,Mobile Apps",Phillip
taxi9211.com,"Public Transit,Air Travel,Transportation Safety",Phillip
themikedenison.com,"Painting,Photography,Art Galleries",Phillip
wzhi58.com,"Science, Technology",Phillip
8up9.com,"Wealth Management, Securities & Investment, Leadership",Phillip
allstarstate.com,Lifestyle & Entertainment,Phillip
arcadepros.net,Gaming,Phillip
befirstmarketing.net,Digital Marketing & Technology,Phillip
bluchamps.com,Gaming,Phillip
businessmmg.com,"Business, Marketing",Phillip
cliffrockmeadow.com,"Sustainable Living, Rural Retreats, Eco-Tourism",Phillip
conversationswithlauren.com,Health & Wellness,Phillip
conversationswithmelissa.com,"Parenting, Family, child development",Phillip
deepellumblues.com,"Classical,Hip-Hop,Rock",Phillip
detailchip.com,Automotive,Phillip
dhilisatta.com,"Lifestyle, Trends, Leisure, Events",Phillip
doaphouse.com,"Spiritual Growth, Faith, and Wellness",Phillip
emersonicon.com,Lifestyle,Phillip
epicgamechampions.com,Gaming,Phillip
frlmods.net,Gaming,Phillip
gametacticshq.net,Gambling,Phillip
goldengatemax.shop,"Travel, Culture",Phillip
greenridgedrive.com,Home,Phillip
grossoptions.com,"Finance, Investment, Stock Market Analysis",Phillip
harvestmeadowgarden.com,"Gardening, Flowers, Plants",Phillip
helephantbet.com,"Betting, Sports",Phillip
hensrevenge.com,Games,Phillip
iamikram.com,"Family, Parenting, Travel",Phillip
iloveloveloveebay.com,"Gaming, Innovation",Phillip
impartialreports.net,News,Phillip
investirebiz.com,"Entrepreneurship, Investing",Phillip
kemonokko.com,Gaming,Phillip
kleender.com,"Decorating Ideas,Storage Solutions,Lighting",Phillip
limanrestaurant.net,"Recipes,Nutrition,Healthy Eating",Phillip
loga.mx,"Travel Guides, Cultural Insights, Local Experiences",Phillip
lrjgc.com,"Engineering News, Project Management, Construction Trends",Phillip
mailtogzip.org,Travel,Phillip
mazenokari.com,Education & Strategy,Phillip
megacaching.com,"Geocaching, Hobbies, Hiking",Phillip
minhhuylands.com,Travel,Phillip
mitragross.com,"Travel, Wellness, Culinary Traditions",Phillip
moneysideoflife.com,"Finance, Business, Crypto",Phillip
mybigcartelstore.com,"Business, Digital Marketing",Phillip
naturegroveabode.com,Gardening,Phillip
newmfx.net,Digital Marketing,Phillip
obijuanshinobi.com,"Workflow Tools, Tech, Gadgets",Phillip
ouis-guesthouse.com,Home,Phillip
playdedeus.com,Digital Technology,Phillip
playlistsound.net,Digital Media,Phillip
priemierbet.com,Sports,Phillip
prositesite.com,Music,Phillip
replypython.org,"Python Programming, Coding",Phillip
rightnowpath.net,"Personal Dev, Self-Improvement, Goal Setting",Phillip
sarkaririjalt.com,Careers,Phillip
satttamataka.com,"Gambling, Lottery",Phillip
serenegardencottage.com,"Gardening, Plants",Phillip
simpleserversetup.com,Server Setup,Phillip
sortyoursport.com,"Leadership, Investing, Global Tech",Phillip
spirituswellness.org,Health & Wellness,Phillip
sportlegendarena.com,Sports,Phillip
sproutgardenhome.com,"Gardening, Landscaping, Plants",Phillip
toptenlast.com,"Gadgets, Travel, Food",Phillip
uscwca.org,"Computing, Web, and Creative Applications",Phillip
verdantnestgarden.com,"Gardening, Plants",Phillip
wolfcontactsshop.com,"Apps, Gadgets, Software",Phillip
lock-7.com,General,Phillip
tadiran-spectralink.com,Interior Design & Gardening,Phillip
annoncetravesti.com,LGBTQ+,Phillip
anroidwaves.com,Android Tech,Phillip
argentstate.com,Finance,Phillip
assembledetroit.com,"Haute Couture,Ready-to-Wear,Formal Wear",Phillip
bailoutbevin.com,"Governance,Public Policy,Legislation",Phillip
bassmicrobe.net,Gaming & Tech,Phillip
bbwdraw.com,Art,Phillip
bloomingherbgarden.com,"Plants, Gardening",Phillip
blossomandbloomgarden.com,Gardening,Phillip
business-world-first.com,"Business, Finance",Phillip
businesstechmoney.com,"Business, Tech, Blockchain",Phillip
conversationswithdanielle.com,"Self-Improvement, Lifestyle Hacks, Comfort Foods",Phillip
crazeforgamez.com,Gaming,Phillip
doiniksikha.com,Education,Phillip
drivenless.com,Sustainable Transportation,Phillip
esportschampionsleague.net,Esports,Phillip
excellenceget.net,Business,Phillip
gaming-insider.com,"Gaming, Tech",Phillip
greenflourishhome.com,"Gardening, Plants, Landscaping",Phillip
icaiorg.net,"Finance, Tax Strategies, Study Guides",Phillip
kalyanmatkachart.com,"Home, Food, Wellness",Phillip
kawalpemiluorg.com,Political News,Phillip
likesonlikefather.com,"Budgeting for Families,Language Learning,Elementary School",Phillip
moderntechnest.com,"Technology, Gadgets",Phillip
myprintile.com,"Blockchain, Web apps, AR Tech",Phillip
myzimbraserver.com,IT Infrastructure,Phillip
nobullswipe.com,"Sustainable Living, Home Decor, Green Tech",Phillip
quantumflooingservices.com,"Crypto, Blockchain",Phillip
seguridadblanca.com,Tech,Phillip
skylightvoice.com,Tech,Phillip
soft-recordings.com,TV,Phillip
tech-biztech.com,Technology,Phillip
tjcreativearts.com,Creative Lifestyle,Phillip
topappsfinder.com,"Utilities Apps, Social Media Apps, Health & Fitness Apps",Phillip
wanderlusttravelling.com,Travel,Phillip
branchandstone.com,"Home Maintenence, DIY, Gardening",Phillip
esportslegend.net,Gaming,Phillip
fantasycourtline.com,Fantasy Sports,Phillip
fantasycourtwhiz.com,Fantasy Sports,Phillip
gamse.net,Gaming Culture,Phillip
habsunfiltered.net,Sports,Phillip
proathleteground.com,Fitness,Phillip
singledadventures.com,"Parenting After Divorce, Nutrition for Kids, Family Budget",Phillip
tosehnews.com,"Women's Health, Finance Tips, Beauty",Phillip
clearskinstudy.com,"Skincare, Beauty",Rina
fumbleboard.com,"Tech, Photography, Travel",Rina
official-city.com,General,Rina
techgroup21.com,"Cybersecurity, Tech",Rina
uptempomag.com,"Sports, Gaming, Tech",Rina
atsugiham.net,"Fashion, Work-Life Balance, Hobbies, Travel",Rina
3d496.com,"3D Modeling, Design Tools, Printing Guides",Rina
adamarchives.com,"Dad Life, Travel",Rina
adobeshowcase.com,Adobe Tips/Guides/Tricks,Rina
aeonscope.net,Tech,Rina
aliensync.com,"Tech, Crypto",Rina
allaxess.com,Music,Rina
alternativeway.net,"Gaming, Tech",Rina
americanlivewire.com,"News, Business, Gaming, Celeb",Rina
android-underground.org,"Tech, Internet",Rina
arcade-infinity.com,Gaming,Rina
areatsunami.com,Tech,Rina
artsusshop.com,"Photography, Home Decor, Art",Rina
babesproduct.com,Philosophy,Rina
beyondverbal.com,"Health, Tech, Wellness",Rina
bigboxratio.com,Home,Rina
blossomhavenhome.com,"Home Innovations, Interior Design",Rina
bytesize-games.com,"Gaming, Tech",Rina
codemastersconnect.com,Tech,Rina
comfortglobalhealth.com,"Health, Philosophy",Rina
conversationswithbrittany.com,Motherhood,Rina
conversationswithheather.com,"Health, Relationships, Personal Development",Rina
creativegaming.net,"Gaming, Tech",Rina
daysaver.net,"Gaming, Tech",Rina
diyworld4life.com,"Home Projects, Craft Ideas, DIY Hacks",Rina
eurogamersonline.com,"Gaming,Tech",Rina
eyexcon.com,"Gaming, Tech",Rina
fallofmodernism.org,"Art & Literature, Architecture & Design",Rina
faspe.info,Education,Rina
fintechasia.net,"Finance, Tech",Rina
formotorbikes.com,Motorcycles,Rina
formulagross.com,Racing,Rina
getwhocares.com,"Gaming,Tech, home",Rina
gfxmaker.com,"Design, Technology, Software",Rina
giddygeese.com,"Mobile Games, Educational Apps",Rina
goodnever.com,"Health/Wellness, Parenting, Home",Rina
grosssound.com,"Music, Tech",Rina
grosswheel.com,"Automotive, Wheels And Tires, Driving Tips",Rina
hongoctan.com,Gaming,Rina
hustle-tech.com,"Startups, Entrepreneurship, Business, Tech",Rina
inspiredtosave.com,"Personal Finance,Investing,Savings",Rina
javaobjects.net,"Tech, Social Media",Rina
jun88game.org,"Tech Updates, Game Corner, App Features",Rina
khatrimazaorg.com,"Movies, Entertainment News",Rina
kingswayprimary.com,"Early Learning & Play,Child Development,Teenagers",Rina
limitenhancement.com,"Family Activities, Health & Family Wellness",Rina
mistygardenview.com,Gaming,Rina
mommyempower.com,"Mom Self-Care, Parenting Guides, Mompreneur Tips",Rina
mustardseedyear.com,Food,Rina
myinteriorpalace.com,Home,Rina
naturalhavenhome.com,Relationships,Rina
newsstreamtracker.com,Technology,Rina
nicolelmichel.com,"Travel,Self-Care,DIY Projects",Rina
ordersbellabeat.com,"Audio Engineering, Music Technology",Rina
playarcadewars.com,Arcade Gaming,Rina
playbattlemasters.net,"Gardening, Plants",Rina
pocketmemories.net,"Parenting, Travel, Crafts",Rina
premiumjoy.com,"Parenting, Child Development, Educational Toys",Rina
programgeeks.net,"Crypto, Tech, Social",Rina
queenslot800.com,Gaming,Rina
ramblingsofagamer.com,"Gaming,Tech",Rina
scannerpackage.com,"Package Design, Shipping Supplies, Scanners",Rina
scarletrosefree.com,Creative & Technical Writing,Rina
skillsclone.com,"Knitting/Crochet, Fishing, Art",Rina
soopydrumschool.com,"Music, Education",Rina
techidemics.com,"Programming, Tech",Rina
themecolon.net,Web Design,Rina
thewritetrackpodcast.com,"Writing Tips, Book Reccmmenadtions",Rina
tomoson.com,Social Media,Rina
trychitter.com,"Social Networking, Apps, Software",Rina
urbanherbgarden.com,"Gardening Tools, Plant Tips",Rina
verdantgardencottage.com,Gardening,Rina
vietnamreview.net,"Vietnam Living, Cuisine & Destinations",Rina
waikiddigital.com,"Mechanics, Tech, Robotics, Industrial Science",Rina
we-are-dust.com,"Health/Fitness, Family, Self-Improvement",Rina
wpmit.com,"Web Design, WordPress Themes, Web Dev",Rina
ytstudioyoutube.com,YouTube Trends & Tips,Rina
plugboxlinux.org,"Gaming, Tech",Rina
thegamearchives.com,"Gaming, Tech",Rina
thegossipwire.com,"Tech, Celebrity News",Rina
mit-education.com,"Productivity, Online School",Rina
feedbuzzard.com,"Gaming, Tech",Rina
foodabletv.com,Food,Rina
hearthvibeliving.com,"Rental Tips, Maintenance",Rina
lighthousesingers.com,"Home, Office",Rina
marieherbert.com,"Real Estate, Startups",Rina
moncrieflondon.com,"Leadership, Minimalist Living",Rina
oil-etf.com,"Startups, Tech",Rina
sentback.org,"Gaming, Tech",Rina
jacobainley.com,Gaming,Rina
undergrowthgames.com,"Gaming, Tech",Rina
misumiskincare.com,Skincare,Rina
airevolutionize.com.au,Tech,Rina
amairaskincare.com.au,Natural Skincare,Rina
californiaforeclosurefighters.com,Finance,Rina
desertadvocate.org,"Plumbing & Electrical,Home Automation,Home Improvement",Rina
eliteesportsarena.net,Gaming,Rina
gardenrooted.com,"Gardening, Plants",Rina
herbflourishhome.com,Gaming,Rina
keepmore.net,"Mergers & Acquisitions,Course Reviews,Entrepreneurs",Rina
lillotnyc.com,"Streetwear,Casual Wear,Accessories",Rina
mulemotherbooks.com,"Sleep Tips,Parenting After Divorce,Kids' Fashion & Clothing",Rina
nusyaro.com,"Gaming, Tech",Rina
oakreative.com,"Marketing Analytics,Email Marketing,PPC Advertising",Rina
playmastersclub.net,"Indie & Retro Gaming, Esports",Rina
pokedata.net,"Console, Mobile & PC Gaming",Rina
prosportstrack.com,"Sports News, Analysis",Rina
safetyproductsmfg.com,"Education, Learning",Rina
shoopmedia.com,"Media Management, Social Media, Journalism",Rina
teskeys.net,"Gardening, Outdoor Furniture",Rina
victoryesportshub.com,Gardening,Rina
bloomingdwelling.com,Home,Rina
bloomstonehome.com,"Home Decor, Improvement, Innovations",Rina
elitegroupsalonspa.com,"Handbags,Fast Fashion,Activewear",Rina
gamerarenapro.com,"Gaming, Tech",Rina
herbandbloomgarden.com,"Gardening Tips, Garden Design",Rina
independentviewers.com,"Social Media, Content Creation Tips",Rina
kogniz.com,Gaming,Rina
lurevibe.net,Education,Rina
napafreerangebeef.com,"Recipes,Nutrition,Healthy Eating",Rina
overstockdealz.com,"Backyard Entertaining, Pool Maintenance",Rina
rainy75.com,Gaming,Rina
smartindustrysk.com,"Tech News,Web Development,Cybersecurity",Rina
theinfluenceofteachers.com,"Early Childhood Education,Higher Education,Adult Education",Rina
cowded.com,"Gaming, Tech",Rina
onthisveryspot.com,"Gaming, Tech",Rina
21strongfoundation.org,Finance,Rina
50track.com,Music,Rina
adventuretwo.net,Adventure,Rina
agendacover.com,"Organization, Time Managment Tips",Rina
agendacoverlife.com,"Home Improvement, Maintenance",Rina
allcrazy.net,"Tech, Apps",Rina
alwaysthis.com,Travel,Rina
arcyart.com,Art,Rina
av19org.net,Healthcare,Rina
bageltechnews.com,"Gaming,Tech",Rina
banlarbhumi.com,"Bengali Culture, Heritage Stories, Festivals Celebrations",Rina
biztechsystem.com,"Business, Tech, Innovations",Rina
bottlecrunch.com,"Hosting, Web Solutions",Rina
boundlessscreen.com,"Art, DIY",Rina
cadeaukaartbol.com,Travel,Rina
cari-data.com,"Gaming, eSports",Rina
ccafs.net,Transportation,Rina
celebrityless.com,"Latest Celebrity News, Rising Stars",Rina
ck2generator.com,Gaming,Rina
ckihe.com,"Parenting, Family",Rina
conversationswithamber.com,"Inspiration, Relationships & Communication",Rina
conversationswithjessica.com,"Leadership & Management, Business Trends",Rina
conversationswithrina.com,"Parenting, Relationships, Healthy Living",Rina
conversationswithstephanie.com,"Health & Fitness, Relationships",Rina
coverselectorshop.com,"Phones, Laptops, Gaming Consoles",Rina
cryptopronetwork.com,"Crypto, Tech, Business, Social",Rina
damnnngirl.com,Travel,Rina
dantepowell.com,"Digital Tools, Side Hustles, Mental Health",Rina
dreamwithjeff.com,"Self-Discovery, Motivation Hacks, Goal Trackers",Rina
eliteendure.com,"Fitness Training, Endurance Tips, Nutrition & Recovery",Rina
embedtree.com,"Tech, Social Media",Rina
esportsrivalry.net,"Game Development, Esports News",Rina
exposmall.com,"AI, Tech",Rina
factom.com,"Crypto, Investing",Rina
fitlittlebride.com,"Orthopedics, Preventive Care, Exercise",Rina
freeworlder.org,Travel,Rina
gameproedge.net,Gaming,Rina
gamerawr.com,"Gaming, Tech",Rina
gamingvoyage.com,"Retro Gaming, Game Design, Playstyle Hacks",Rina
getwildfulness.com,"Travel, Smart Health & Futuristic Gadgets",Rina
harmonicode.com,"Gaming, Tech",Rina
hayaudio.com,"Interior Design, DIY, Outdoor",Rina
i-movement.org,"Gaming, Tech, Sports",Rina
internet-story.com,"Sports, Tech",Rina
jilicitycityjili.com,"City Architecture, Food Culture, Historical Museums",Rina
kjabczenski.com,News,Rina
lapdatcamerataigialai.com,Gaming,Rina
leaguechannellife.com,"Esports, Gaming",Rina
lensesback.com,"Lifestyle, Photography, DIY Projects",Rina
lobaltech.com,"VR, IOT, Tech Accessories",Rina
lyncconf.com,"Gaming, Tech",Rina
manipedirecords.com,"Music Scene, Vinyl Records",Rina
masimoduti.com,"Style, Wear, Artistry",Rina
memoirsofageek.com,"TV Shows, Games, Movies",Rina
metacarevr.com,"AI, AR-VR, Blockchain",Rina
minpakutoushi-journal.com,"Real Estate Investment, Wealth Management",Rina
mintonsharlem.com,"Smart Shoping, Saving Strategies",Rina
movieda2023.com,"Movies, Entertainment",Rina
mpgproworkstation.com,Sports,Rina
multi-user.net,"Operating Systems, Productivity Software",Rina
novatechgenius.com,"MarTech, PaaS, Audio Technology",Rina
odysseystoryshop.com,Travel,Rina
oivotech.com,"Tech, Robotics, Crypto",Rina
phonedeck.net,Mobile Tech,Rina
pimantle.net,Gardening,Rina
pixelborn.net,"Broadcast, Digital & Print Media",Rina
pizzlemusic.com,Music,Rina
place-project.org,"Education, Home Schooling",Rina
projectrethink.org,"Gaming, Tech, Sports",Rina
rarefiedtech.com,Tech,Rina
redlohhousefabrics.com,"Interior Design,DIY Projects,Home Renovation",Rina
samedaytradeframes.com,Home,Rina
sanhodn.com,"Leadership, Business, Financial Planning",Rina
soccermomworld.com,"Soccer, Parenting in Soccer, Healthy Living",Rina
solana-summer.com,"Crypto, Blockchain Tech",Rina
square-central.com,"Gaming, Tech",Rina
squirtgunstudios.com,"Animation Art, Creative Projects, Studio News",Rina
strongerwiththyme.com,"Health, Nutrition",Rina
styledfresh.com,"Smart Homes,Home Maintenance,Tools & Workshop",Rina
styleonhigh.com,"Streetwear,Casual Wear,Accessories",Rina
sweedishlove.com,Music,Rina
swindletrilogy.com,"Tech, Apps, News",Rina
swipesparkleus.com,"Green Cleaning, Decluttering",Rina
talk2leeloo.com,"Gaming, Tech",Rina
tech-bliss.com,"Web Dev, Coding, Computers",Rina
techandgamedaze.com,"Tech, Gaming, Esports",Rina
tintorera.la,Food,Rina
touristatrek.com,"Travel, Adventures, Outdoor Expeditions",Rina
triadscreen.com,"Blockchain, Cybersecurity",Rina
txepc.org,"Gaming, Tech",Rina
wavetechglobal.com,Tech,Rina
wicked-gaming.com,Gaming,Rina
simcookie.com,"Gaming, Tech",Rina
reality-movement.org,"Gaming, Tech",Rina
decached.com,"Gaming,Tech",Rina
forzagold.com,"Jewelry, Casino",Rina
geekforcenetwork.com,"Tech, Gaming",Rina
greenheal.net,Holistic Wellness,Rina
lotsofpower.net,"Tech, Fitness",Rina
masterrealtysolutions.com,Home,Rina
pushyourdesign.com,Home,Rina
researchwebshelf.com,"Science, Technology, Medicine",Rina
tatasec.org,Business,Rina
thatswhatsgoodmedia.com,"Sports & Entertainment, Crypto, NFT",Rina
treeleftbigshop.com,"Home, Garden, Crafts",Rina
turbogeek.org,"Tech, Gaming",Rina
wizzydigital.org,"Web Design, Digital Marketing, SEO",Rina
xannytech.net,"Tech, Digital Creativity",Rina
globalnewsupdate.net,Sports,Rina
defstartup.org,"Gaming, Tech",Rina
keezy.co,"Gaming,Tech, Lifestyle",Rina
manpuku-shop.com,Food,Rina
theportablegamer.com,"Gaming, Tech",Rina
playmyworld.com,"Gaming, Tech",Rina
abundantbroth.com,"Bone Broth Benefits, Soup Essentials, Wellness Boosters",Rina
another-site.com,"Lifestyle, Travel, Finance",Rina
auteluav.com,"MarTech,EdTech,Web Development",Rina
b2btechsolutions.com,"Cybersecurity, Software, Cloud Services",Rina
banhtrangcankiem.com,"Robotics, Mechanics",Rina
bddqwy.com,"Travel, Cultural Vacation",Rina
currentaffairsupdate.net,"Business, Culture, Journalism",Rina
deckodance.com,"Music, Virtual Instruments",Rina
denemebonusuverensiteleryerliarama.org,"Market Trends, Sports, Platforms",Rina
duc-duong.com,"Family Travel, Parenting Tips, Health",Rina
fangchanxiu.com,"Real Estate, Home Renovation, Property Insights ",Rina
filmjila.com,"Bollywood Cinema, Movie Downloads, Film Talk",Rina
fortunebulletin.com,"Small Business,Entrepreneurship,E-commerce",Rina
freedomforandroid.com,"Shopping Apps,Educational Apps,Photo & Video Apps",Rina
fudbollibre.com,"Goalkeeping Skills, Football Strategies, Fan Culture",Rina
gamedaychamp.com,"Sports Updates, & Insights",Rina
gizmocombo.com,Tech,Rina
goldengoalpress.com,"Sports, Motivation, Health & Wellness",Rina
great-expectations.net,"Parenting Tips, Family Life, Child Development",Rina
heidestrasse.com,"Residential Real Estate,Real Estate Investment,Property Management",Rina
innewstoday.net,"Economy, Business",Rina
interworldradio.net,"Science, Tech",Rina
iwilldominate.net,Self Improvement,Rina
lotterygamedevelopers.com,Lottery Game Development,Rina
marry-marry.com,"Lifestyle, Relationships, Wellness",Rina
mygamerank.com,"Gaming, Tech",Rina
naturerootsplace.com,Home,Rina
networthascend.com,"LegalTech,Apps,DevOps",Rina
ownersicon.com,"Home, Real Estate",Rina
retroplaygroundzone.com,Fashion,Rina
schoolclimatelearning.com,"Vocational Training,Learning Disabilities,Curriculum Development",Rina
shrocks.net,Smart Tech,Rina
silicon-insider.com,"Gaming, Tech",Rina
spearstate.com,"Travel, Health & Wellness",Rina
sugarylove.net,"Communications, Family Relationships",Rina
travel-theworld.com,"Eco-Friendly Travel, World Wonders, Travel Wellness",Rina
truedee.net,"Education, Learning",Rina
ubetteme.com,"Finance, Career, Self-Improvement",Rina
people-friendlyplaces.org,"Family, Relationships, Time Management",Rina
arcoiristours.com,"Home, Travel",Rina
buydomainspremium.com,"Tech, Quantum Computing, Cyber Security, Robotics",Rina
eltorofl.com,Gaming,Rina
evanita.net,"Gardening, Outdoors",Rina
flourishinggardenpath.com,"Outdoor Plants, Vegetable Gardening",Rina
games-hacks.org,"Racing Games, Indie Games, PC Gaming",Rina
hendrehall.com,"Design, Maintenance",Rina
lilahanne.net,"Parenting Tips, Baby Care",Rina
paganpressbooks.com,Apps,Rina
pinehollowridge.com,"Design Inspiration, Indoor Plants",Rina
whatutalkingboutwillis.com,"Mom Blog, General",Tea
02tvmoviesseries.com,"Nostalgic TV/Movies, Soundtracks",Tea
ateslisaatler.com,"Mom Blog, Parenting, General",Tea
bridgetoberkeley.com,"College Tips, Campus Guides",Tea
conversationswithtea.com,"Health, Wellness, Lifestyle",Tea
decoratoradvice.com,Home,Tea
designmode24.com,Home,Tea
enginefirm.com,"Automotive Industry, Engineering",Tea
epicurebites.com,Food,Tea
faeaindiafaeaindia.org,"Fashion, Diversity, Sustainability",Tea
fappeningforum.net,"Well Being, Travel",Tea
firelyadobe.com,"Creativity, Adobe",Tea
kroxyproxy.com,"Proxy Servers/Applications, Cybersecurity",Tea
pulsecolon.com,"Health, Wellness",Tea
rapidhomedirect.com,Home,Tea
redwebzine.org,"Art, Science, Entertainment",Tea
rotkgame.com,"Gaming, Tech",Tea
thesoundstour.com,"Tech, Music, Audio",Tea
thecanadianmoviecrew.com,"Gaming, Tech",Tea
databytevisuals.com,"Computers, Tech",Tea
imagineergames.com,"Gaming, Tech",Tea
activepropertycare.com,Home,Tea
justalittlebite.com,Food,Tea
absoluteuncertainties.com,"FinTech, IoT, Space Tech",Tea
palmbeach-resort.com,"Real Estate, Home",Tea
swancottageflowers.com,Real Estate,Tea
actualizely.com,"Fintech, Robotics, Software",Tea
criticalvoices.net,"Environment, Economy",Tea
mavericksrvrentals.com,"First-Time Homeowners, Outdoor Living, Weekend Projects",Tea
mpioamerica.com,"Internet Of Things, Drones, LegalTech",Tea
agentluckycola.com,"Casino, Gambling Strategies",Tea
annalemedia.com,"Sports Science, Sport Nutrition",Tea
apartamentoscholloapartamentos.com,Home,Tea
clearingdelight.com,"Travel, Lifestyle, Parenting",Tea
depotheap.com,"Home Organization, Decluttering",Tea
dongtrunghathaos.com,"Mom Blog, General",Tea
dress-for-wedding.com,"Child Development, Discipline & Behavior, Teenagers",Tea
drhomey.com,Home,Tea
gameslot545.com,"Gaming, Esports, iGaming",Tea
gamexperiencehub.com,"Tech, Gaming",Tea
helpinus.net,"Food, Health",Tea
kdarchitects.net,Home,Tea
kienthucnhadat.net,"Digital Marketing, SEO",Tea
myolemiss.net,Education,Tea
oneframework.net,Tech,Tea
pjbradley.com,"3D Printing, Gadgets, Tech Reviews",Tea
plutoscreen.com,"Movies, TV, Sports",Tea
pondershort.com,"Mom Blog, General",Tea
savetheirskins.com,"Children, Wellness",Tea
socialbizmagazine.com,Lifestyle,Tea
stellaresidence.net,Home,Tea
terranullrecordings.com,Music,Tea
titaniumshare.com,Tech,Tea
val9jamusic.com,"Music, Nigerian Music",Tea
whatifbelief.com,"Gaming, Tech",Tea
dataspike.me,Tech,Tea
labradortime.com,"Pets, Dogs",Tea
middleclasshomes.net,Home,Tea
aheadicon.com,Business,Tea
deviantmagazin.com,"Lifestyle, DIY",Tea
engamez.com,"Retro Gaming, Esports, Horror Games",Tea
forcnet.org,"Networking, Connectivity, Sustainability",Tea
iboomatelugu.com,"Movies, Entertnainment",Tea
plicabig.com,"Fashion, Accessories, Style",Tea
quantumcontactsshop.com,"Computing, Tech, Electronics",Tea
refurbishhq.com,"Home, Refurbishing",Tea
satkamataka.com,Gardening,Tea
shippingbellabeat.com,"Shipping, Logistics, Courier Services",Tea
tatacapitalforce.com,Business,Tea
telugupalakkad.com,"Home Decor, Fashion, Travel",Tea
wolfpackchip.com,Tech,Tea
carilloncruises.com,Home,Tea
gardenpathhaven.com,Gardening,Tea
igemconsulting.com,Business,Tea
matt-gallagher.net,Tech,Tea
naturesgrovehome.com,Gardening,Tea
raedperfum.com,"Fashion, Style",Tea
softstore2.com,"Tech, Gadgets",Tea